sub_cates,category
Android,科技
NBA,体育
P2P理财,财经
SUV,汽车
癌症,健康养生
癌症,社会
癌症,综合
奥运会,体育
奥运会,国际
白银,社会
保险,社会
保险,综合
保险,财经
笔记本电脑,科技
菜谱,美食
宠物,宠物
宠物,社会
宠物,综合
创业,科技
创业,综合
创业,财经
慈善,时事
慈善,社会
慈善,综合
大数据,科技
大数据,综合
大学,教育
大学,社会
大学,综合
德国汽车,汽车
德国汽车,综合
电动汽车,汽车
电动汽车,科技
电动汽车,综合
电竞,游戏
电竞,综合
电脑,科技
电脑,综合
电视剧,娱乐
电信,科技
电信,综合
电影,娱乐
电影,综合
电子商务,科技
电子商务,综合
动漫,动漫
动漫,综合
动物,宠物
动物,搞笑
动物,社会
动物,综合
读书,教育
读书,社会
读书,综合
法制,时事
法制,社会
法制,综合
反腐倡廉,时事
反腐倡廉,社会
反腐倡廉,综合
非银金融行业,科技
非银金融行业,财经
风投,科技
风投,财经
高考,教育
高考,社会
公益,体育
公益,健康养生
公益,国际
公益,娱乐
公益,宠物
公益,教育
公益,文化
公益,旅游
公益,时事
公益,母婴育儿
公益,汽车
公益,游戏
公益,社会
公益,科技
公益,综合
公益,财经
狗,宠物
狗,社会
狗,综合
购房,社会
购房,综合
购房,财经
股票,财经
故事,社会
故事,综合
贵金属,社会
贵金属,财经
国产车,汽车
国际社会,国际
国际足球,体育
国内宏观,财经
海军,军事
海军,国际
韩娱,娱乐
豪华车,时尚
豪华车,汽车
豪华车,科技
豪华车,综合
宏观经济,财经
户外运动,体育
户外运动,社会
护肤,健康养生
护肤,时尚
沪指,财经
花,家居
花,社会
化妆,时尚
化妆,社会
怀孕,母婴育儿
怀孕,社会
怀孕,综合
环境保护,时事
环境保护,社会
环境保护,科技
环境保护,综合
环境污染,时事
环境污染,社会
环境污染,科技
环境污染,综合
黄金,财经
汇率,财经
婚礼,情感
婚礼,文化
婚礼,社会
婚外情,娱乐
婚外情,情感
婚外情,社会
婚外情,综合
婚姻,情感
婚姻,社会
婚姻,综合
机器人,科技
机器人,综合
鸡汤,情感
鸡汤,社会
鸡汤,综合
基金,国际
基金,财经
家居,家居
家具,家居
家具,社会
家具,综合
家装设计,家居
减肥,健康养生
减肥,时尚
减肥,社会
建筑,文化
建筑,旅游
建筑,综合
健康,健康养生
健康,美食
健身,体育
健身,健康养生
健身,综合
交通,社会
交通,综合
轿车,汽车
轿车,科技
金融,综合
金融,财经
篮球,体育
篮球,综合
历史,历史
历史,综合
恋爱,情感
恋爱,社会
恋爱,综合
两性,情感
两性,社会
两性,综合
流行文化,社会
陆军,军事
陆军,国际
陆军,综合
旅游产业,旅游
旅游产业,社会
漫画,动漫
漫画,社会
美发,时尚
美发,综合
美女,娱乐
美女,时尚
美女,社会
美女,综合
美容,时尚
美容,社会
美术,教育
美术,文化
美体,健康养生
美体,社会
美文,文化
美文,社会
民生,时事
民生,社会
民生,综合
命理,情感
命理,星座运势
命理,社会
模特,娱乐
模特,时尚
摩托车,汽车
摩托车,社会
内地电视剧,娱乐
内地综艺,娱乐
能源,科技
能源,综合
能源,财经
农村,时事
农村,社会
农村,综合
农村改革,时事
农村改革,社会
农村改革,综合
农民,时事
农民,社会
农民,综合
农业,时事
农业,社会
农业,科技
农业,综合
排球,体育
盘面分析,财经
跑步,体育
跑步,健康养生
跑步,社会
跑步,综合
跑车,汽车
跑车,社会
跑车,综合
烹饪技巧,健康养生
烹饪技巧,社会
烹饪技巧,综合
烹饪技巧,美食
乒乓球,体育
乒乓球,综合
苹果公司,科技
期货,综合
期货,财经
气象灾害,国际
气象灾害,时事
气象灾害,社会
气象灾害,综合
汽车用品,汽车
亲子成长,情感
亲子成长,教育
亲子成长,母婴育儿
亲子成长,社会
清朝,历史
清朝,文化
清朝,综合
求职,教育
求职,社会
求职,综合
热血动漫,动漫
人工智能,科技
日本汽车,汽车
软件,科技
软件,综合
软件,财经
三国,历史
三国,游戏
三国,综合
三农,时事
三农,社会
三农,综合
奢侈品,时尚
社会保险,社会
社会保险,综合
社会保险,财经
摄影,旅游
摄影,时尚
生肖,情感
生肖,星座运势
石油,国际
石油,科技
石油,财经
时政,国际
时政,时事
时政,社会
时政,综合
时装,时尚
时装搭配,时尚
食品安全,时事
食品安全,社会
食品安全,综合
市场营销,社会
市场营销,科技
市场营销,财经
手工艺,文化
手工艺,旅游
手工艺,社会
手机,科技
手机,综合
手游,游戏
手游,科技
书法,教育
书法,文化
书法,综合
蔬菜,健康养生
蔬菜,社会
蔬菜,综合
蔬菜,美食
数码,科技
数码,综合
数学,教育
数学,综合
水果,健康养生
水果,社会
水果,美食
睡眠,健康养生
睡眠,社会
睡眠,综合
天气,旅游
天气,社会
天气,综合
甜品,美食
跳水,体育
通信,科技
通信,综合
投资,综合
投资,财经
推拿,健康养生
外汇,财经
玩具,母婴育儿
玩具,社会
玩具,科技
玩具,综合
腕表,时尚
网游,游戏
网游,科技
网游,综合
文化,文化
文化,综合
文玩,文化
文玩,时尚
文物,历史
文物,文化
文物,综合
文学,教育
文学,文化
文学,综合
舞蹈,娱乐
舞蹈,综合
舞蹈,音乐
西甲,体育
相机,综合
小吃,文化
小吃,旅游
小吃,社会
小吃,美食
小米科技,科技
新能源,国际
新能源,时事
新能源,社会
新能源,科技
新能源,财经
新能源汽车,汽车
新能源汽车,科技
新三板,财经
星座,星座运势
刑法,时事
刑法,社会
刑法,综合
演唱会,娱乐
养生,健康养生
药品,健康养生
药品,科技
药品,综合
移动互联网,科技
艺术,文化
艺术,时尚
艺术,社会
艺术,综合
音乐,娱乐
音乐,综合
音乐,音乐
银行,财经
英超,体育
英语,教育
英语,综合
婴幼儿护理,母婴育儿
营养学,健康养生
营养学,美食
影视,娱乐
影视,综合
游戏机,游戏
游戏机,综合
游泳,体育
游泳,健康养生
游泳,社会
游泳,综合
幼儿园,教育
幼儿园,母婴育儿
幼儿园,社会
幼儿园,综合
娱乐新闻,娱乐
娱乐新闻,社会
羽毛球,体育
羽毛球,综合
玉,文化
玉,时尚
玉,社会
玉,综合
育儿,教育
育儿,母婴育儿
育儿,社会
孕产,母婴育儿
孕产,社会
运营商,科技
运营商,综合
运营商,财经
早期教育,教育
早期教育,社会
债券,综合
债券,财经
真人秀,娱乐
正能量,社会
正能量,综合
植物,家居
植物,社会
植物,综合
中超,体育
中超,综合
中国古代史,历史
中国古代史,综合
中国近代史,历史
中国近代史,综合
中国军情,军事
中国军情,综合
中国历史,历史
中国历史,综合
中国男足,体育
中国男足,综合
中国足球,体育
中国足球,综合
中药,健康养生
中药,社会
中药,综合
中医,健康养生
中医,社会
中医,综合
种植业,时事
种植业,社会
种植业,科技
种植业,综合
装修,家居
装修,时尚
装修,综合
自行车,体育
自行车,社会
自行车,综合
自驾游,旅游
自驾游,社会
综艺,娱乐
足球,体育
